tempo,actual_tyre,visual_tyre,wear_tyre,available_tyre,recommended_session,life_span,usable_life,lap_delta_time,fitted
75.459,18,17,0,1,6,22,22,0,1
76.437,18,17,0,1,6,22,22,0,1
77.444,18,17,0,1,6,22,22,0,1
78.453,18,17,0,1,6,22,22,0,1
79.446,18,17,0,1,6,21,22,0,1
80.447,18,17,0,1,6,21,22,0,1
81.447,18,17,0,1,6,21,22,0,1
82.434,18,17,0,1,6,21,22,0,1
83.455,18,17,0,1,6,21,22,0,1
84.433,18,17,0,1,6,21,22,0,1
85.448,18,17,0,1,6,21,22,0,1
86.451,18,17,0,1,6,21,22,0,1
87.437,18,17,0,1,6,21,22,0,1
88.437,18,17,0,1,6,21,22,0,1
89.457,18,17,0,1,6,21,22,0,1
90.437,18,17,0,1,6,21,22,0,1
91.449,18,17,0,1,6,21,22,0,1
92.441,18,17,0,1,6,21,22,0,1
93.438,18,17,0,1,6,21,22,0,1
94.443,18,17,0,1,6,21,22,0,1
95.443,18,17,0,1,6,21,22,0,1
96.455,18,17,0,1,6,21,22,0,1
97.435,18,17,0,1,6,21,22,0,1
98.451,18,17,0,1,6,21,22,0,1
99.451,18,17,0,1,6,21,22,0,1
100.446,18,17,0,1,6,21,22,0,1
101.457,18,17,0,1,6,21,22,0,1
102.457,18,17,0,1,6,21,22,0,1
103.441,18,17,0,1,6,21,22,0,1
104.451,18,17,0,1,6,21,22,0,1
105.441,18,17,0,1,6,21,22,0,1
106.439,18,17,0,1,6,21,22,0,1
107.437,18,17,1,1,6,21,22,0,1
108.454,18,17,1,1,6,21,22,0,1
109.439,18,17,1,1,6,21,22,0,1
110.441,18,17,1,1,6,21,22,0,1
111.455,18,17,1,1,6,21,22,0,1
112.435,18,17,1,1,6,21,22,0,1
113.447,18,17,1,1,6,21,22,0,1
114.448,18,17,1,1,6,21,22,0,1
115.436,18,17,1,1,6,21,22,0,1
116.446,18,17,1,1,6,21,22,0,1
117.438,18,17,1,1,6,21,22,0,1
118.44,18,17,1,1,6,21,22,0,1
119.433,18,17,1,1,6,21,22,0,1
120.442,18,17,1,1,6,21,22,0,1
121.441,18,17,1,1,6,21,22,0,1
122.445,18,17,1,1,6,21,22,0,1
123.439,18,17,1,1,6,21,22,0,1
124.435,18,17,1,1,6,21,22,0,1
125.455,18,17,1,1,6,21,22,0,1
126.445,18,17,1,1,6,21,22,0,1
127.456,18,17,1,1,6,21,22,0,1
128.437,18,17,1,1,6,21,22,0,1
129.45,18,17,1,1,6,21,22,0,1
130.438,18,17,1,1,6,21,22,0,1
131.456,18,17,1,1,6,21,22,0,1
132.452,18,17,1,1,6,21,22,0,1
133.44,18,17,1,1,6,21,22,0,1
134.441,18,17,1,1,6,21,22,0,1
135.455,18,17,1,1,6,21,22,0,1
136.453,18,17,1,1,6,21,22,0,1
137.451,18,17,1,1,6,21,22,0,1
138.444,18,17,1,1,6,21,22,0,1
139.457,18,17,1,1,6,21,22,0,1
140.455,18,17,1,1,6,21,22,0,1
141.449,18,17,1,1,6,21,22,0,1
142.441,18,17,1,1,6,21,22,0,1
143.444,18,17,1,1,6,21,22,0,1
144.445,18,17,1,1,6,21,22,0,1
145.433,18,17,1,1,6,21,22,0,1
146.439,18,17,1,1,6,21,22,0,1
147.442,18,17,1,1,6,21,22,0,1
148.434,18,17,1,1,6,21,22,0,1
149.452,18,17,1,1,6,21,22,0,1
150.451,18,17,2,1,6,21,22,0,1
151.44,18,17,2,1,6,21,22,0,1
152.451,18,17,2,1,6,21,22,0,1
153.445,18,17,2,1,6,21,22,0,1
154.442,18,17,2,1,6,21,22,0,1
155.438,18,17,2,1,6,21,22,0,1
156.45,18,17,2,1,6,21,22,0,1
157.452,18,17,2,1,6,21,22,0,1
158.437,18,17,2,1,6,21,22,0,1
159.445,18,17,2,1,6,21,22,0,1
160.435,18,17,2,1,6,21,22,0,1
161.435,18,17,2,1,6,21,22,0,1
162.454,18,17,2,1,6,21,22,0,1
163.453,18,17,2,1,6,21,22,0,1
164.435,18,17,2,1,6,21,22,0,1
165.445,18,17,2,1,6,21,22,0,1
166.455,18,17,2,1,6,21,22,0,1
167.454,18,17,2,1,6,21,22,0,1
168.446,18,17,2,1,6,21,22,0,1
169.446,18,17,2,1,6,21,22,0,1
170.453,18,17,2,1,6,21,22,0,1
171.454,18,17,2,1,6,21,22,0,1
172.438,18,17,2,1,6,21,22,0,1
173.451,18,17,3,1,6,21,22,0,1
174.444,18,17,3,1,6,21,22,0,1
175.447,18,17,3,1,6,21,22,0,1
176.445,18,17,3,1,6,21,22,0,1
177.451,18,17,3,1,6,21,22,0,1
178.434,18,17,3,1,6,21,22,0,1
179.435,18,17,3,1,6,21,22,0,1
180.434,18,17,3,1,6,21,22,0,1
181.444,18,17,3,1,6,21,22,0,1
182.451,18,17,3,1,6,21,22,0,1
183.452,18,17,3,1,6,21,22,0,1
184.452,18,17,3,1,6,21,22,0,1
185.45,18,17,3,1,6,20,22,0,1
186.437,18,17,3,1,6,20,22,0,1
187.436,18,17,3,1,6,20,22,0,1
188.439,18,17,3,1,6,20,22,0,1
189.439,18,17,3,1,6,20,22,0,1
190.438,18,17,3,1,6,20,22,0,1
191.434,18,17,3,1,6,20,22,0,1
192.434,18,17,3,1,6,20,22,0,1
193.459,18,17,3,1,6,20,22,0,1
194.452,18,17,3,1,6,20,22,0,1
195.449,18,17,3,1,6,20,22,0,1
196.44,18,17,3,1,6,20,22,0,1
197.441,18,17,3,1,6,20,22,0,1
198.439,18,17,3,1,6,20,22,0,1
199.44,18,17,3,1,6,20,22,0,1
200.438,18,17,3,1,6,20,22,0,1
201.433,18,17,3,1,6,20,22,0,1
202.453,18,17,3,1,6,20,22,0,1
203.457,18,17,3,1,6,20,22,0,1
204.705,18,17,3,1,6,20,22,0,1
205.721,18,17,3,1,6,20,22,0,1
206.713,18,17,3,1,6,20,22,0,1
207.705,18,17,3,1,6,20,22,0,1
208.727,18,17,3,1,6,20,22,0,1
209.725,18,17,3,1,6,20,22,0,1
210.723,18,17,3,1,6,20,22,0,1
211.719,18,17,3,1,6,20,22,0,1
212.724,18,17,3,1,6,20,22,0,1
213.728,18,17,4,1,6,20,22,0,1
214.707,18,17,4,1,6,20,22,0,1
215.714,18,17,4,1,6,20,22,0,1
216.722,18,17,4,1,6,20,22,0,1
217.722,18,17,4,1,6,20,22,0,1
218.72,18,17,4,1,6,20,22,0,1
219.721,18,17,4,1,6,20,22,0,1
220.705,18,17,4,1,6,20,22,0,1
221.711,18,17,4,1,6,20,22,0,1
222.704,18,17,4,1,6,20,22,0,1
223.706,18,17,4,1,6,20,22,0,1
224.713,18,17,4,1,6,20,22,0,1
225.708,18,17,4,1,6,20,22,0,1
226.704,18,17,4,1,6,20,22,0,1
227.707,18,17,4,1,6,20,22,0,1
228.723,18,17,4,1,6,20,22,0,1
229.709,18,17,4,1,6,20,22,0,1
230.702,18,17,4,1,6,20,22,0,1
231.714,18,17,4,1,6,20,22,0,1
232.719,18,17,4,1,6,20,22,0,1
233.712,18,17,4,1,6,20,22,0,1
234.701,18,17,4,1,6,20,22,0,1
235.705,18,17,4,1,6,20,22,0,1
236.708,18,17,5,1,6,20,22,0,1
237.726,18,17,5,1,6,20,22,0,1
238.717,18,17,5,1,6,20,22,0,1
239.708,18,17,5,1,6,20,22,0,1
240.726,18,17,5,1,6,20,22,0,1
241.716,18,17,5,1,6,20,22,0,1
242.709,18,17,5,1,6,20,22,0,1
243.714,18,17,5,1,6,20,22,0,1
244.724,18,17,5,1,6,20,22,0,1
245.702,18,17,5,1,6,20,22,0,1
246.707,18,17,5,1,6,20,22,0,1
247.717,18,17,5,1,6,20,22,0,1
248.72,18,17,6,1,6,20,22,0,1
249.704,18,17,6,1,6,20,22,0,1
250.713,18,17,6,1,6,20,22,0,1
251.702,18,17,6,1,6,20,22,0,1
252.718,18,17,6,1,6,20,22,0,1
253.713,18,17,6,1,6,20,22,0,1
254.704,18,17,6,1,6,20,22,0,1
255.703,18,17,6,1,6,20,22,0,1
256.723,18,17,6,1,6,20,22,0,1
257.717,18,17,6,1,6,20,22,0,1
258.709,18,17,6,1,6,20,22,0,1
259.711,18,17,6,1,6,20,22,0,1
260.706,18,17,6,1,6,20,22,0,1
261.713,18,17,6,1,6,20,22,0,1
262.716,18,17,6,1,6,19,22,0,1
263.706,18,17,6,1,6,19,22,0,1
264.717,18,17,6,1,6,19,22,0,1
265.71,18,17,6,1,6,19,22,0,1
266.705,18,17,6,1,6,19,22,0,1
267.701,18,17,6,1,6,19,22,0,1
268.702,18,17,6,1,6,19,22,0,1
269.707,18,17,7,1,6,19,22,0,1
270.706,18,17,7,1,6,19,22,0,1
271.704,18,17,7,1,6,19,22,0,1
272.717,18,17,7,1,6,19,22,0,1
273.721,18,17,7,1,6,19,22,0,1
274.715,18,17,7,1,6,19,22,0,1
275.723,18,17,7,1,6,19,22,0,1
276.716,18,17,7,1,6,19,22,0,1
277.718,18,17,7,1,6,19,22,0,1
278.705,18,17,7,1,6,19,22,0,1
279.716,18,17,7,1,6,19,22,0,1
280.728,18,17,7,1,6,19,22,0,1
281.711,18,17,7,1,6,19,22,0,1
282.707,18,17,7,1,6,19,22,0,1
283.717,18,17,7,1,6,19,22,0,1
284.726,18,17,7,1,6,19,22,0,1
285.722,18,17,7,1,6,19,22,0,1
286.706,18,17,7,1,6,19,22,0,1
287.709,18,17,7,1,6,19,22,0,1
288.715,18,17,7,1,6,19,22,0,1
289.714,18,17,7,1,6,19,22,0,1
290.71,18,17,7,1,6,19,22,0,1
291.704,18,17,7,1,6,19,22,0,1
292.706,18,17,7,1,6,19,22,0,1
293.715,18,17,7,1,6,19,22,0,1
294.708,18,17,7,1,6,19,22,0,1
295.714,18,17,7,1,6,19,22,0,1
296.723,18,17,7,1,6,19,22,0,1
297.703,18,17,8,1,6,19,22,0,1
298.721,18,17,8,1,6,19,22,0,1
299.712,18,17,8,1,6,19,22,0,1
300.719,18,17,8,1,6,19,22,0,1
301.714,18,17,8,1,6,19,22,0,1
302.711,18,17,8,1,6,19,22,0,1
303.725,18,17,8,1,6,19,22,0,1
304.705,18,17,8,1,6,19,22,0,1
305.713,18,17,8,1,6,19,22,0,1
306.701,18,17,8,1,6,19,22,0,1
307.721,18,17,8,1,6,19,22,0,1
308.722,18,17,8,1,6,19,22,0,1
309.71,18,17,8,1,6,19,22,0,1
310.702,18,17,8,1,6,19,22,0,1
311.704,18,17,8,1,6,19,22,0,1
312.724,18,17,8,1,6,19,22,0,1
313.72,18,17,8,1,6,19,22,0,1
314.709,18,17,8,1,6,19,22,0,1
315.714,18,17,8,1,6,19,22,0,1
316.717,18,17,8,1,6,19,22,0,1
317.723,18,17,8,1,6,19,22,0,1
318.705,18,17,9,1,6,19,22,0,1
319.724,18,17,9,1,6,19,22,0,1
320.701,18,17,9,1,6,19,22,0,1
321.706,18,17,9,1,6,19,22,0,1
322.706,18,17,9,1,6,19,22,0,1
323.702,18,17,9,1,6,18,22,0,1
324.704,18,17,9,1,6,18,22,0,1
325.718,18,17,9,1,6,18,22,0,1
326.712,18,17,9,1,6,18,22,0,1
327.712,18,17,9,1,6,18,22,0,1
328.708,18,17,9,1,6,18,22,0,1
329.702,18,17,9,1,6,18,22,0,1
330.727,18,17,10,1,6,18,22,0,1
331.723,18,17,10,1,6,18,22,0,1
332.708,18,17,10,1,6,18,22,0,1
333.714,18,17,10,1,6,18,22,0,1
334.702,18,17,10,1,6,18,22,0,1
335.721,18,17,10,1,6,18,22,0,1
336.707,18,17,10,1,6,18,22,0,1
337.709,18,17,10,1,6,18,22,0,1
338.715,18,17,10,1,6,18,22,0,1
339.708,18,17,10,1,6,18,22,0,1
340.713,18,17,10,1,6,18,22,0,1
341.71,18,17,10,1,6,18,22,0,1
342.72,18,17,10,1,6,18,22,0,1
343.716,18,17,10,1,6,18,22,0,1
344.719,18,17,10,1,6,18,22,0,1
345.721,18,17,10,1,6,18,22,0,1
346.72,18,17,10,1,6,18,22,0,1
347.708,18,17,10,1,6,18,22,0,1
348.716,18,17,11,1,6,18,22,0,1
349.701,18,17,11,1,6,18,22,0,1
350.718,18,17,11,1,6,18,22,0,1
351.715,18,17,11,1,6,18,22,0,1
352.71,18,17,11,1,6,18,22,0,1
353.716,18,17,11,1,6,18,22,0,1
354.706,18,17,11,1,6,18,22,0,1
355.721,18,17,11,1,6,18,22,0,1
356.706,18,17,11,1,6,18,22,0,1
357.722,18,17,11,1,6,18,22,0,1
358.718,18,17,11,1,6,18,22,0,1
359.71,18,17,11,1,6,18,22,0,1
360.72,18,17,11,1,6,18,22,0,1
361.717,18,17,11,1,6,18,22,0,1
362.702,18,17,11,1,6,18,22,0,1
363.711,18,17,11,1,6,18,22,0,1
364.719,18,17,11,1,6,18,22,0,1
365.704,18,17,11,1,6,18,22,0,1
366.704,18,17,11,1,6,18,22,0,1
367.713,18,17,11,1,6,18,22,0,1
368.717,18,17,11,1,6,18,22,0,1
369.723,18,17,11,1,6,18,22,0,1
370.721,18,17,11,1,6,18,22,0,1
371.725,18,17,11,1,6,18,22,0,1
372.712,18,17,11,1,6,18,22,0,1
373.718,18,17,11,1,6,18,22,0,1
374.726,18,17,11,1,6,18,22,0,1
375.718,18,17,11,1,6,18,22,0,1
376.721,18,17,11,1,6,18,22,0,1
377.728,18,17,11,1,6,18,22,0,1
378.725,18,17,11,1,6,18,22,0,1
379.723,18,17,11,1,6,18,22,0,1
380.701,18,17,11,1,6,18,22,0,1
381.711,18,17,12,1,6,18,22,0,1
382.707,18,17,12,1,6,18,22,0,1
383.703,18,17,12,1,6,18,22,0,1
384.72,18,17,12,1,6,18,22,0,1
385.707,18,17,12,1,6,18,22,0,1
386.719,18,17,12,1,6,18,22,0,1
387.714,18,17,12,1,6,18,22,0,1
388.705,18,17,12,1,6,18,22,0,1
389.717,18,17,12,1,6,18,22,0,1
390.715,18,17,12,1,6,18,22,0,1
391.717,18,17,12,1,6,18,22,0,1
392.701,18,17,13,1,6,17,22,0,1
393.716,18,17,13,1,6,17,22,0,1
394.718,18,17,13,1,6,17,22,0,1
395.701,18,17,13,1,6,17,22,0,1
396.719,18,17,13,1,6,17,22,0,1
397.704,18,17,13,1,6,17,22,0,1
398.71,18,17,13,1,6,17,22,0,1
399.702,18,17,13,1,6,17,22,0,1
400.705,18,17,13,1,6,17,22,0,1
401.709,18,17,13,1,6,17,22,0,1
402.71,18,17,13,1,6,17,22,0,1
403.715,18,17,13,1,6,17,22,0,1
404.722,18,17,13,1,6,17,22,0,1
405.713,18,17,13,1,6,17,22,0,1
406.708,18,17,13,1,6,17,22,0,1
407.716,18,17,13,1,6,17,22,0,1
408.717,18,17,13,1,6,17,22,0,1
409.723,18,17,13,1,6,17,22,0,1
410.716,18,17,13,1,6,17,22,0,1
411.705,18,17,13,1,6,17,22,0,1
412.712,18,17,13,1,6,17,22,0,1
413.702,18,17,14,1,6,17,22,0,1
414.704,18,17,14,1,6,17,22,0,1
415.712,18,17,14,1,6,17,22,0,1
416.703,18,17,14,1,6,17,22,0,1
417.715,18,17,14,1,6,17,22,0,1
418.704,18,17,14,1,6,17,22,0,1
419.701,18,17,14,1,6,17,22,0,1
420.703,18,17,14,1,6,17,22,0,1
421.704,18,17,14,1,6,17,22,0,1
422.706,18,17,14,1,6,17,22,0,1
423.703,18,17,14,1,6,17,22,0,1
424.71,18,17,14,1,6,17,22,0,1
425.71,18,17,14,1,6,17,22,0,1
426.713,18,17,14,1,6,17,22,0,1
427.724,18,17,14,1,6,17,22,0,1
428.722,18,17,14,1,6,17,22,0,1
429.703,18,17,14,1,6,17,22,0,1
430.705,18,17,14,1,6,17,22,0,1
431.719,18,17,14,1,6,17,22,0,1
432.715,18,17,14,1,6,17,22,0,1
433.704,18,17,14,1,6,17,22,0,1
434.708,18,17,14,1,6,17,22,0,1
435.715,18,17,14,1,6,17,22,0,1
436.707,18,17,14,1,6,17,22,0,1
437.708,18,17,14,1,6,17,22,0,1
438.725,18,17,14,1,6,17,22,0,1
439.704,18,17,14,1,6,17,22,0,1
440.717,18,17,14,1,6,17,22,0,1
441.718,18,17,14,1,6,17,22,0,1
442.722,18,17,14,1,6,17,22,0,1
443.702,18,17,15,1,6,17,22,0,1
444.702,18,17,15,1,6,17,22,0,1
445.714,18,17,15,1,6,17,22,0,1
446.722,18,17,15,1,6,17,22,0,1
447.721,18,17,15,1,6,17,22,0,1
448.71,18,17,15,1,6,17,22,0,1
449.716,18,17,15,1,6,17,22,0,1
450.717,18,17,15,1,6,17,22,0,1
451.705,18,17,15,1,6,17,22,0,1
452.719,18,17,15,1,6,17,22,0,1
453.707,18,17,15,1,6,17,22,0,1
454.711,18,17,15,1,6,17,22,0,1
455.704,18,17,15,1,6,17,22,0,1
456.707,18,17,15,1,6,17,22,0,1
457.701,18,17,15,1,6,17,22,0,1
458.717,18,17,15,1,6,17,22,0,1
459.702,18,17,15,1,6,17,22,0,1
460.709,18,17,15,1,6,17,22,0,1
461.717,18,17,15,1,6,17,22,0,1
462.71,18,17,15,1,6,17,22,0,1
463.714,18,17,15,1,6,17,22,0,1
464.717,18,17,16,1,6,16,22,0,1
465.72,18,17,16,1,6,16,22,0,1
466.724,18,17,16,1,6,16,22,0,1
467.725,18,17,16,1,6,16,22,0,1
468.719,18,17,16,1,6,16,22,0,1
469.716,18,17,16,1,6,16,22,0,1
470.703,18,17,16,1,6,16,22,0,1
471.706,18,17,16,1,6,16,22,0,1
472.712,18,17,16,1,6,16,22,0,1
473.715,18,17,16,1,6,16,22,0,1
474.711,18,17,16,1,6,16,22,0,1
475.705,18,17,16,1,6,16,22,0,1
476.703,18,17,16,1,6,16,22,0,1
477.722,18,17,16,1,6,16,22,0,1
478.718,18,17,16,1,6,16,22,0,1
479.704,18,17,16,1,6,16,22,0,1
480.718,18,17,16,1,6,16,22,0,1
481.702,18,17,17,1,6,16,22,0,1
482.723,18,17,17,1,6,16,22,0,1
483.708,18,17,17,1,6,16,22,0,1
484.719,18,17,17,1,6,16,22,0,1
485.708,18,17,17,1,6,16,22,0,1
486.716,18,17,17,1,6,16,22,0,1
487.708,18,17,17,1,6,16,22,0,1
488.712,18,17,17,1,6,16,22,0,1
489.706,18,17,17,1,6,16,22,0,1
490.709,18,17,17,1,6,16,22,0,1
491.71,18,17,17,1,6,16,22,0,1
492.714,18,17,17,1,6,16,22,0,1
493.72,18,17,17,1,6,16,22,0,1
494.72,18,17,17,1,6,16,22,0,1
495.714,18,17,17,1,6,16,22,0,1
496.723,18,17,17,1,6,16,22,0,1
497.714,18,17,17,1,6,16,22,0,1
498.713,18,17,17,1,6,16,22,0,1
499.712,18,17,17,1,6,16,22,0,1
500.714,18,17,17,1,6,16,22,0,1
501.714,18,17,17,1,6,16,22,0,1
502.702,18,17,17,1,6,16,22,0,1
503.724,18,17,17,1,6,16,22,0,1
504.701,18,17,17,1,6,16,22,0,1
505.721,18,17,17,1,6,16,22,0,1
506.717,18,17,18,1,6,16,22,0,1
507.722,18,17,18,1,6,16,22,0,1
508.724,18,17,18,1,6,16,22,0,1
509.718,18,17,18,1,6,16,22,0,1
510.712,18,17,18,1,6,16,22,0,1
511.703,18,17,18,1,6,16,22,0,1
512.706,18,17,18,1,6,16,22,0,1
513.717,18,17,18,1,6,16,22,0,1
514.701,18,17,18,1,6,16,22,0,1
515.706,18,17,18,1,6,16,22,0,1
516.719,18,17,18,1,6,16,22,0,1
517.709,18,17,18,1,6,16,22,0,1
518.717,18,17,18,1,6,16,22,0,1
519.711,18,17,18,1,6,16,22,0,1
520.72,18,17,18,1,6,16,22,0,1
521.716,18,17,18,1,6,16,22,0,1
522.715,18,17,18,1,6,16,22,0,1
523.714,18,17,18,1,6,16,22,0,1
524.712,18,17,18,1,6,16,22,0,1
525.718,18,17,18,1,6,16,22,0,1
526.718,18,17,18,1,6,16,22,0,1
527.72,18,17,18,1,6,16,22,0,1
528.725,18,17,18,1,6,16,22,0,1
529.722,18,17,19,1,6,15,22,0,1
530.711,18,17,19,1,6,15,22,0,1
531.703,18,17,19,1,6,15,22,0,1
532.704,18,17,19,1,6,15,22,0,1
533.721,18,17,19,1,6,15,22,0,1
534.718,18,17,19,1,6,15,22,0,1
535.707,18,17,19,1,6,15,22,0,1
536.703,18,17,19,1,6,15,22,0,1
537.71,18,17,19,1,6,15,22,0,1
538.715,18,17,19,1,6,15,22,0,1
539.724,18,17,19,1,6,15,22,0,1
540.707,18,17,19,1,6,15,22,0,1
541.703,18,17,20,1,6,15,22,0,1
542.705,18,17,20,1,6,15,22,0,1
543.705,18,17,20,1,6,15,22,0,1
544.702,18,17,20,1,6,15,22,0,1
545.714,18,17,20,1,6,15,22,0,1
546.711,18,17,20,1,6,15,22,0,1
547.71,18,17,20,1,6,15,22,0,1
548.707,18,17,20,1,6,15,22,0,1
549.723,18,17,20,1,6,15,22,0,1
550.712,18,17,20,1,6,15,22,0,1
551.711,18,17,20,1,6,15,22,0,1
552.703,18,17,20,1,6,15,22,0,1
553.718,18,17,20,1,6,15,22,0,1
554.717,18,17,20,1,6,15,22,0,1
555.704,18,17,20,1,6,15,22,0,1
556.708,18,17,20,1,6,15,22,0,1
557.713,18,17,20,1,6,15,22,0,1
558.704,18,17,20,1,6,15,22,0,1
559.708,18,17,20,1,6,15,22,0,1
560.721,18,17,21,1,6,15,22,0,1
561.714,18,17,21,1,6,15,22,0,1
562.713,18,17,21,1,6,15,22,0,1
563.72,18,17,21,1,6,15,22,0,1
564.718,18,17,21,1,6,15,22,0,1
565.701,18,17,21,1,6,15,22,0,1
566.713,18,17,21,1,6,15,22,0,1
567.706,18,17,21,1,6,15,22,0,1
568.705,18,17,21,1,6,15,22,0,1
569.708,18,17,21,1,6,15,22,0,1
570.712,18,17,21,1,6,15,22,0,1
571.703,18,17,21,1,6,15,22,0,1
572.718,18,17,21,1,6,15,22,0,1
573.719,18,17,21,1,6,15,22,0,1
574.711,18,17,21,1,6,15,22,0,1
575.722,18,17,21,1,6,15,22,0,1
576.703,18,17,21,1,6,15,22,0,1
577.713,18,17,21,1,6,15,22,0,1
578.708,18,17,21,1,6,15,22,0,1
579.716,18,17,21,1,6,15,22,0,1
580.706,18,17,21,1,6,15,22,0,1
581.718,18,17,21,1,6,15,22,0,1
582.701,18,17,21,1,6,15,22,0,1
583.726,18,17,21,1,6,15,22,0,1
584.724,18,17,21,1,6,15,22,0,1
585.717,18,17,21,1,6,15,22,0,1
586.705,18,17,21,1,6,15,22,0,1
587.715,18,17,21,1,6,15,22,0,1
588.711,18,17,22,1,6,15,22,0,1
589.72,18,17,22,1,6,15,22,0,1
590.723,18,17,22,1,6,15,22,0,1
591.703,18,17,22,1,6,15,22,0,1
592.723,18,17,22,1,6,14,22,0,1
593.709,18,17,22,1,6,14,22,0,1
594.717,18,17,22,1,6,14,22,0,1
595.718,18,17,22,1,6,14,22,0,1
596.706,18,17,22,1,6,14,22,0,1
597.705,18,17,22,1,6,14,22,0,1
598.704,18,17,22,1,6,14,22,0,1
599.725,18,17,22,1,6,14,22,0,1
600.714,18,17,22,1,6,14,22,0,1
601.71,18,17,22,1,6,14,22,0,1
602.709,18,17,22,1,6,14,22,0,1
603.708,18,17,22,1,6,14,22,0,1
604.725,18,17,22,1,6,14,22,0,1
605.711,18,17,22,1,6,14,22,0,1
606.707,18,17,22,1,6,14,22,0,1
607.721,18,17,22,1,6,14,22,0,1
608.719,18,17,22,1,6,14,22,0,1
609.712,18,17,22,1,6,14,22,0,1
610.705,18,17,22,1,6,14,22,0,1
611.707,18,17,23,1,6,14,22,0,1
612.719,18,17,23,1,6,14,22,0,1
613.718,18,17,23,1,6,14,22,0,1
614.722,18,17,23,1,6,14,22,0,1
615.717,18,17,23,1,6,14,22,0,1
616.712,18,17,23,1,6,14,22,0,1
617.708,18,17,23,1,6,14,22,0,1
618.706,18,17,23,1,6,14,22,0,1
619.711,18,17,23,1,6,14,22,0,1
620.703,18,17,23,1,6,14,22,0,1
621.708,18,17,23,1,6,14,22,0,1
622.711,18,17,24,1,6,14,22,0,1
623.722,18,17,24,1,6,14,22,0,1
624.723,18,17,24,1,6,14,22,0,1
625.727,18,17,24,1,6,14,22,0,1
626.716,18,17,24,1,6,14,22,0,1
627.701,18,17,24,1,6,14,22,0,1
628.722,18,17,24,1,6,14,22,0,1
629.707,18,17,24,1,6,14,22,0,1
630.723,18,17,24,1,6,14,22,0,1
631.716,18,17,24,1,6,14,22,0,1
632.72,18,17,24,1,6,14,22,0,1
633.708,18,17,24,1,6,14,22,0,1
634.709,18,17,24,1,6,14,22,0,1
635.718,18,17,24,1,6,14,22,0,1
636.702,18,17,24,1,6,14,22,0,1
637.722,18,17,24,1,6,14,22,0,1
638.702,18,17,24,1,6,14,22,0,1
639.722,18,17,24,1,6,14,22,0,1
640.718,18,17,24,1,6,14,22,0,1
641.718,18,17,24,1,6,14,22,0,1
642.715,18,17,24,1,6,14,22,0,1
643.722,18,17,25,1,6,14,22,0,1
644.725,18,17,25,1,6,14,22,0,1
645.707,18,17,25,1,6,14,22,0,1
646.722,18,17,25,1,6,14,22,0,1
647.72,18,17,25,1,6,14,22,0,1
648.709,18,17,25,1,6,14,22,0,1
649.714,18,17,25,1,6,14,22,0,1
650.718,18,17,25,1,6,14,22,0,1
651.711,18,17,25,1,6,14,22,0,1
652.705,18,17,25,1,6,14,22,0,1
653.713,18,17,25,1,6,14,22,0,1
654.704,18,17,25,1,6,14,22,0,1
655.721,18,17,25,1,6,14,22,0,1
656.706,18,17,25,1,6,14,22,0,1
657.703,18,17,25,1,6,14,22,0,1
658.718,18,17,25,1,6,14,22,0,1
659.704,18,17,25,1,6,13,22,0,1
660.704,18,17,25,1,6,13,22,0,1
661.707,18,17,25,1,6,13,22,0,1
662.71,18,17,25,1,6,13,22,0,1
663.706,18,17,25,1,6,13,22,0,1
664.719,18,17,25,1,6,13,22,0,1
665.71,18,17,25,1,6,13,22,0,1
666.716,18,17,25,1,6,13,22,0,1
667.724,18,17,25,1,6,13,22,0,1
668.715,18,17,25,1,6,13,22,0,1
669.709,18,17,25,1,6,13,22,0,1
670.705,18,17,25,1,6,13,22,0,1
671.713,18,17,25,1,6,13,22,0,1
672.715,18,17,25,1,6,13,22,0,1
673.714,18,17,25,1,6,13,22,0,1
674.713,18,17,25,1,6,13,22,0,1
675.704,18,17,26,1,6,13,22,0,1
676.723,18,17,26,1,6,13,22,0,1
677.711,18,17,26,1,6,13,22,0,1
678.703,18,17,26,1,6,13,22,0,1
679.726,18,17,26,1,6,13,22,0,1
680.702,18,17,26,1,6,13,22,0,1
681.706,18,17,26,1,6,13,22,0,1
682.721,18,17,26,1,6,13,22,0,1
683.723,18,17,26,1,6,13,22,0,1
684.705,18,17,26,1,6,13,22,0,1
685.719,18,17,26,1,6,13,22,0,1
686.721,18,17,26,1,6,13,22,0,1
687.718,18,17,27,1,6,13,22,0,1
688.726,18,17,27,1,6,13,22,0,1
689.706,18,17,27,1,6,13,22,0,1
690.715,18,17,27,1,6,13,22,0,1
691.714,18,17,27,1,6,13,22,0,1
692.718,18,17,27,1,6,13,22,0,1
693.708,18,17,27,1,6,13,22,0,1
694.716,18,17,27,1,6,13,22,0,1
695.722,18,17,27,1,6,13,22,0,1
696.703,18,17,27,1,6,13,22,0,1
697.701,18,17,27,1,6,13,22,0,1
698.717,18,17,27,1,6,13,22,0,1
699.725,18,17,27,1,6,13,22,0,1
700.706,18,17,27,1,6,13,22,0,1
701.704,18,17,27,1,6,13,22,0,1
702.723,18,17,27,1,6,13,22,0,1
703.722,18,17,27,1,6,13,22,0,1
704.719,18,17,27,1,6,13,22,0,1
705.713,18,17,27,1,6,13,22,0,1
706.724,18,17,27,1,6,13,22,0,1
707.711,18,17,27,1,6,13,22,0,1
708.707,18,17,27,1,6,13,22,0,1
709.71,18,17,27,1,6,13,22,0,1
710.721,18,17,27,1,6,13,22,0,1
711.705,18,17,28,1,6,13,22,0,1
712.705,18,17,28,1,6,13,22,0,1
713.702,18,17,28,1,6,13,22,0,1
714.705,18,17,28,1,6,13,22,0,1
715.716,18,17,28,1,6,13,22,0,1
716.702,18,17,28,1,6,13,22,0,1
717.718,18,17,28,1,6,13,22,0,1
718.702,18,17,28,1,6,13,22,0,1
719.717,18,17,28,1,6,13,22,0,1
720.712,18,17,28,1,6,13,22,0,1
721.722,18,17,28,1,6,13,22,0,1
722.713,18,17,28,1,6,13,22,0,1
723.707,18,17,28,1,6,13,22,0,1
724.704,18,17,28,1,6,13,22,0,1
725.709,18,17,28,1,6,13,22,0,1
726.71,18,17,28,1,6,13,22,0,1
727.728,18,17,28,1,6,13,22,0,1
728.703,18,17,28,1,6,13,22,0,1
729.715,18,17,28,1,6,13,22,0,1
730.711,18,17,28,1,6,13,22,0,1
731.709,18,17,28,1,6,13,22,0,1
732.709,18,17,28,1,6,13,22,0,1
733.721,18,17,28,1,6,13,22,0,1
734.719,18,17,28,1,6,12,22,0,1
735.703,18,17,28,1,6,12,22,0,1
736.724,18,17,28,1,6,12,22,0,1
737.711,18,17,28,1,6,12,22,0,1
738.719,18,17,28,1,6,12,22,0,1
739.727,18,17,28,1,6,12,22,0,1
740.721,18,17,28,1,6,12,22,0,1
741.709,18,17,28,1,6,12,22,0,1
742.708,18,17,28,1,6,12,22,0,1
743.707,18,17,29,1,6,12,22,0,1
744.721,18,17,29,1,6,12,22,0,1
745.73,18,17,29,1,6,12,22,0,1
746.716,18,17,29,1,6,12,22,0,1
747.712,18,17,29,1,6,12,22,0,1
748.727,18,17,29,1,6,12,22,0,1
749.714,18,17,29,1,6,12,22,0,1
750.714,18,17,29,1,6,12,22,0,1
751.702,18,17,29,1,6,12,22,0,1
752.716,18,17,29,1,6,12,22,0,1
753.707,18,17,29,1,6,12,22,0,1
754.723,18,17,29,1,6,12,22,0,1
755.712,18,17,29,1,6,12,22,0,1
756.705,18,17,29,1,6,12,22,0,1
757.716,18,17,29,1,6,12,22,0,1
758.722,18,17,29,1,6,12,22,0,1
759.713,18,17,29,1,6,12,22,0,1
760.718,18,17,29,1,6,12,22,0,1
761.705,18,17,29,1,6,12,22,0,1
762.704,18,17,30,1,6,12,22,0,1
763.714,18,17,30,1,6,12,22,0,1
764.706,18,17,30,1,6,12,22,0,1
765.714,18,17,30,1,6,12,22,0,1
766.709,18,17,30,1,6,12,22,0,1
767.72,18,17,30,1,6,12,22,0,1
768.71,18,17,30,1,6,12,22,0,1
769.721,18,17,30,1,6,12,22,0,1
770.704,18,17,30,1,6,12,22,0,1
771.719,18,17,30,1,6,12,22,0,1
772.724,18,17,30,1,6,12,22,0,1
773.722,18,17,30,1,6,12,22,0,1
774.724,18,17,30,1,6,12,22,0,1
775.703,18,17,30,1,6,12,22,0,1
776.719,18,17,30,1,6,12,22,0,1
777.722,18,17,30,1,6,12,22,0,1
778.722,18,17,30,1,6,12,22,0,1
779.714,18,17,30,1,6,12,22,0,1
780.721,18,17,30,1,6,12,22,0,1
781.705,18,17,31,1,6,12,22,0,1
782.711,18,17,31,1,6,12,22,0,1
783.713,18,17,31,1,6,12,22,0,1
784.718,18,17,31,1,6,12,22,0,1
785.715,18,17,31,1,6,12,22,0,1
786.719,18,17,31,1,6,12,22,0,1
787.711,18,17,31,1,6,12,22,0,1
788.715,18,17,31,1,6,12,22,0,1
789.716,18,17,31,1,6,12,22,0,1
790.718,18,17,31,1,6,12,22,0,1
791.722,18,17,31,1,6,12,22,0,1
792.709,18,17,31,1,6,12,22,0,1
793.708,18,17,31,1,6,12,22,0,1
794.727,18,17,31,1,6,12,22,0,1
795.712,18,17,31,1,6,12,22,0,1
796.728,18,17,31,1,6,12,22,0,1
797.719,18,17,31,1,6,12,22,0,1
798.717,18,17,31,1,6,12,22,0,1
799.716,18,17,31,1,6,12,22,0,1
800.714,18,17,31,1,6,12,22,0,1
801.704,18,17,31,1,6,12,22,0,1
802.706,18,17,31,1,6,12,22,0,1
803.717,18,17,31,1,6,12,22,0,1
804.72,18,17,31,1,6,12,22,0,1
805.722,18,17,31,1,6,12,22,0,1
806.718,18,17,31,1,6,12,22,0,1
807.707,18,17,31,1,6,12,22,0,1
808.717,18,17,31,1,6,12,22,0,1
809.704,18,17,31,1,6,12,22,0,1
810.712,18,17,31,1,6,11,22,0,1
811.713,18,17,31,1,6,11,22,0,1
812.709,18,17,31,1,6,11,22,0,1
813.703,18,17,32,1,6,11,22,0,1
814.714,18,17,32,1,6,11,22,0,1
815.717,18,17,32,1,6,11,22,0,1
816.725,18,17,32,1,6,11,22,0,1
817.704,18,17,32,1,6,11,22,0,1
818.718,18,17,32,1,6,11,22,0,1
819.722,18,17,32,1,6,11,22,0,1
820.704,18,17,32,1,6,11,22,0,1
821.724,18,17,32,1,6,11,22,0,1
822.723,18,17,32,1,6,11,22,0,1
823.718,18,17,32,1,6,11,22,0,1
824.704,18,17,32,1,6,11,22,0,1
825.711,18,17,32,1,6,11,22,0,1
826.704,18,17,32,1,6,11,22,0,1
827.723,18,17,32,1,6,11,22,0,1
828.715,18,17,32,1,6,11,22,0,1
829.713,18,17,32,1,6,11,22,0,1
830.717,18,17,32,1,6,11,22,0,1
831.718,18,17,32,1,6,11,22,0,1
832.71,18,17,32,1,6,11,22,0,1
833.71,18,17,32,1,6,11,22,0,1
834.715,18,17,33,1,6,11,22,0,1
835.704,18,17,33,1,6,11,22,0,1
836.705,18,17,33,1,6,11,22,0,1
837.703,18,17,33,1,6,11,22,0,1
838.708,18,17,33,1,6,11,22,0,1
839.721,18,17,33,1,6,11,22,0,1
840.703,18,17,33,1,6,11,22,0,1
841.704,18,17,33,1,6,11,22,0,1
842.707,18,17,33,1,6,11,22,0,1
843.709,18,17,33,1,6,11,22,0,1
844.703,18,17,33,1,6,11,22,0,1
845.723,18,17,34,1,6,11,22,0,1
846.714,18,17,34,1,6,11,22,0,1
847.711,18,17,34,1,6,11,22,0,1
848.701,18,17,34,1,6,11,22,0,1
849.707,18,17,34,1,6,11,22,0,1
850.714,18,17,34,1,6,11,22,0,1
851.702,18,17,34,1,6,11,22,0,1
852.705,18,17,34,1,6,11,22,0,1
853.724,18,17,34,1,6,11,22,0,1
854.713,18,17,34,1,6,11,22,0,1
855.707,18,17,34,1,6,11,22,0,1
856.703,18,17,34,1,6,11,22,0,1
857.71,18,17,34,1,6,11,22,0,1
858.719,18,17,34,1,6,11,22,0,1
859.704,18,17,34,1,6,11,22,0,1
860.712,18,17,34,1,6,11,22,0,1
861.72,18,17,34,1,6,11,22,0,1
862.718,18,17,34,1,6,11,22,0,1
863.705,18,17,34,1,6,11,22,0,1
864.715,18,17,34,1,6,11,22,0,1
865.704,18,17,34,1,6,11,22,0,1
866.711,18,17,34,1,6,11,22,0,1
867.703,18,17,34,1,6,11,22,0,1
868.704,18,17,34,1,6,11,22,0,1
869.716,18,17,34,1,6,11,22,0,1
870.71,18,17,34,1,6,11,22,0,1
871.721,18,17,35,1,6,11,22,0,1
872.72,18,17,35,1,6,11,22,0,1
873.714,18,17,35,1,6,11,22,0,1
874.712,18,17,35,1,6,11,22,0,1
875.711,18,17,35,1,6,11,22,0,1
876.702,18,17,35,1,6,11,22,0,1
877.72,18,17,35,1,6,11,22,0,1
878.722,18,17,35,1,6,11,22,0,1
879.707,18,17,35,1,6,11,22,0,1
880.704,18,17,35,1,6,10,22,0,1
881.711,18,17,35,1,6,10,22,0,1
882.709,18,17,35,1,6,10,22,0,1
883.717,18,17,35,1,6,10,22,0,1
884.724,18,17,35,1,6,10,22,0,1
885.713,18,17,35,1,6,10,22,0,1
886.702,18,17,35,1,6,10,22,0,1
887.712,18,17,35,1,6,10,22,0,1
888.71,18,17,35,1,6,10,22,0,1
889.713,18,17,35,1,6,10,22,0,1
890.725,18,17,35,1,6,10,22,0,1
891.707,18,17,35,1,6,10,22,0,1
892.705,18,17,35,1,6,10,22,0,1
893.708,18,17,35,1,6,10,22,0,1
894.71,18,17,35,1,6,10,22,0,1
895.707,18,17,35,1,6,10,22,0,1
896.722,18,17,35,1,6,10,22,0,1
897.721,18,17,35,1,6,10,22,0,1
898.709,18,17,35,1,6,10,22,0,1
899.723,18,17,35,1,6,10,22,0,1
900.714,18,17,35,1,6,10,22,0,1
901.721,18,17,36,1,6,10,22,0,1
902.711,18,17,36,1,6,10,22,0,1
903.71,18,17,36,1,6,10,22,0,1
904.704,18,17,36,1,6,10,22,0,1
905.703,18,17,36,1,6,10,22,0,1
906.72,18,17,36,1,6,10,22,0,1
907.711,18,17,36,1,6,10,22,0,1
908.704,18,17,36,1,6,10,22,0,1
909.716,18,17,36,1,6,10,22,0,1
910.722,18,17,37,1,6,10,22,0,1
911.702,18,17,37,1,6,10,22,0,1
912.717,18,17,37,1,6,10,22,0,1
913.712,18,17,37,1,6,10,22,0,1
914.71,18,17,37,1,6,10,22,0,1
915.709,18,17,37,1,6,10,22,0,1
916.709,18,17,37,1,6,10,22,0,1
917.72,18,17,37,1,6,10,22,0,1
918.714,18,17,37,1,6,10,22,0,1
919.727,18,17,37,1,6,10,22,0,1
920.722,18,17,37,1,6,10,22,0,1
921.704,18,17,37,1,6,10,22,0,1
922.705,18,17,37,1,6,10,22,0,1
923.714,18,17,37,1,6,10,22,0,1
924.724,18,17,37,1,6,10,22,0,1
925.719,18,17,37,1,6,10,22,0,1
926.724,18,17,37,1,6,10,22,0,1
927.707,18,17,37,1,6,10,22,0,1
928.724,18,17,37,1,6,10,22,0,1
929.707,18,17,37,1,6,10,22,0,1
930.711,18,17,37,1,6,10,22,0,1
931.714,18,17,38,1,6,10,22,0,1
932.717,18,17,38,1,6,10,22,0,1
933.705,18,17,38,1,6,10,22,0,1
934.717,18,17,38,1,6,10,22,0,1
935.722,18,17,38,1,6,10,22,0,1
936.709,18,17,38,1,6,10,22,0,1
937.719,18,17,38,1,6,10,22,0,1
938.723,18,17,38,1,6,10,22,0,1
939.711,18,17,38,1,6,10,22,0,1
940.719,18,17,38,1,6,9,22,0,1
941.73,18,17,38,1,6,9,22,0,1
942.703,18,17,38,1,6,9,22,0,1
943.718,18,17,38,1,6,9,22,0,1
944.707,18,17,38,1,6,9,22,0,1
945.712,18,17,38,1,6,9,22,0,1
946.711,18,17,38,1,6,9,22,0,1
947.715,18,17,38,1,6,9,22,0,1
948.704,18,17,38,1,6,9,22,0,1
949.709,18,17,38,1,6,9,22,0,1
950.712,18,17,38,1,6,9,22,0,1
951.717,18,17,38,1,6,9,22,0,1
952.707,18,17,38,1,6,9,22,0,1
953.721,18,17,38,1,6,9,22,0,1
954.734,18,17,38,1,6,9,22,0,1
955.704,18,17,38,1,6,9,22,0,1
956.733,18,17,38,1,6,9,22,0,1
957.715,18,17,38,1,6,9,22,0,1
958.718,18,17,38,1,6,9,22,0,1
959.727,17,16,0,1,5,18,18,0,1
960.734,17,16,0,1,5,18,18,0,1
961.717,17,16,0,1,5,18,18,0,1
962.721,17,16,0,1,5,18,18,0,1
963.708,17,16,0,1,5,18,18,0,1
964.714,17,16,0,1,5,18,18,0,1
965.702,17,16,0,1,5,18,18,0,1
966.715,17,16,0,1,5,18,18,0,1
967.724,17,16,0,1,5,18,18,0,1
968.723,17,16,0,1,5,18,18,0,1
969.703,17,16,0,1,5,18,18,0,1
970.717,17,16,0,1,5,18,18,0,1
971.708,17,16,0,1,5,17,18,0,1
972.704,17,16,0,1,5,17,18,0,1
973.72,17,16,0,1,5,17,18,0,1
974.705,17,16,0,1,5,17,18,0,1
975.725,17,16,0,1,5,17,18,0,1
976.713,17,16,0,1,5,17,18,0,1
977.705,17,16,0,1,5,17,18,0,1
978.705,17,16,0,1,5,17,18,0,1
979.718,17,16,0,1,5,17,18,0,1
980.703,17,16,0,1,5,17,18,0,1
981.709,17,16,0,1,5,17,18,0,1
982.721,17,16,0,1,5,17,18,0,1
983.705,17,16,0,1,5,17,18,0,1
984.722,17,16,0,1,5,17,18,0,1
985.717,17,16,0,1,5,17,18,0,1
986.716,17,16,0,1,5,17,18,0,1
987.721,17,16,0,1,5,17,18,0,1
988.725,17,16,0,1,5,17,18,0,1
989.704,17,16,0,1,5,17,18,0,1
990.722,17,16,0,1,5,17,18,0,1
991.704,17,16,0,1,5,17,18,0,1
992.701,17,16,0,1,5,17,18,0,1
993.704,17,16,0,1,5,17,18,0,1
994.701,17,16,0,1,5,17,18,0,1
995.722,17,16,0,1,5,17,18,0,1
996.72,17,16,0,1,5,17,18,0,1
997.723,17,16,0,1,5,17,18,0,1
998.724,17,16,0,1,5,17,18,0,1
999.704,17,16,1,1,5,17,18,0,1
1000.723,17,16,1,1,5,17,18,0,1
1001.705,17,16,1,1,5,17,18,0,1
1002.702,17,16,1,1,5,17,18,0,1
1003.705,17,16,1,1,5,17,18,0,1
1004.705,17,16,2,1,5,17,18,0,1
1005.715,17,16,2,1,5,17,18,0,1
1006.704,17,16,2,1,5,17,18,0,1
1007.721,17,16,2,1,5,17,18,0,1
1008.703,17,16,2,1,5,17,18,0,1
1009.707,17,16,2,1,5,17,18,0,1
1010.709,17,16,2,1,5,17,18,0,1
1011.713,17,16,2,1,5,17,18,0,1
1012.713,17,16,2,1,5,17,18,0,1
1013.713,17,16,2,1,5,17,18,0,1
1014.72,17,16,2,1,5,17,18,0,1
1015.711,17,16,2,1,5,17,18,0,1
1016.717,17,16,2,1,5,17,18,0,1
1017.714,17,16,2,1,5,17,18,0,1
1018.712,17,16,2,1,5,17,18,0,1
1019.723,17,16,2,1,5,17,18,0,1
1020.71,17,16,2,1,5,17,18,0,1
1021.702,17,16,3,1,5,17,18,0,1
1022.72,17,16,3,1,5,17,18,0,1
1023.722,17,16,3,1,5,17,18,0,1
1024.72,17,16,3,1,5,17,18,0,1
1025.703,17,16,3,1,5,17,18,0,1
1026.721,17,16,3,1,5,17,18,0,1
1027.718,17,16,3,1,5,17,18,0,1
1028.71,17,16,3,1,5,17,18,0,1
1029.725,17,16,3,1,5,17,18,0,1
1030.725,17,16,3,1,5,17,18,0,1
1031.714,17,16,3,1,5,17,18,0,1
1032.726,17,16,3,1,5,17,18,0,1
1033.723,17,16,3,1,5,17,18,0,1
1034.718,17,16,3,1,5,17,18,0,1
1035.704,17,16,3,1,5,17,18,0,1
1036.729,17,16,3,1,5,17,18,0,1
1037.709,17,16,3,1,5,17,18,0,1
1038.703,17,16,3,1,5,17,18,0,1
1039.709,17,16,3,1,5,17,18,0,1
1040.708,17,16,3,1,5,17,18,0,1
1041.721,17,16,3,1,5,17,18,0,1
1042.708,17,16,3,1,5,17,18,0,1
1043.714,17,16,3,1,5,16,18,0,1
1044.714,17,16,3,1,5,16,18,0,1
1045.71,17,16,3,1,5,16,18,0,1
1046.714,17,16,4,1,5,16,18,0,1
1047.72,17,16,4,1,5,16,18,0,1
1048.708,17,16,4,1,5,16,18,0,1
1049.708,17,16,4,1,5,16,18,0,1
1050.703,17,16,4,1,5,16,18,0,1
1051.705,17,16,4,1,5,16,18,0,1
1052.715,17,16,4,1,5,16,18,0,1
1053.722,17,16,4,1,5,16,18,0,1
1054.711,17,16,4,1,5,16,18,0,1
1055.722,17,16,4,1,5,16,18,0,1
1056.702,17,16,4,1,5,16,18,0,1
1057.727,17,16,4,1,5,16,18,0,1
1058.728,17,16,4,1,5,16,18,0,1
1059.724,17,16,4,1,5,16,18,0,1
1060.718,17,16,4,1,5,16,18,0,1
1061.708,17,16,4,1,5,16,18,0,1
1062.725,17,16,4,1,5,16,18,0,1
1063.717,17,16,4,1,5,16,18,0,1
1064.708,17,16,5,1,5,16,18,0,1
1065.709,17,16,5,1,5,16,18,0,1
1066.719,17,16,5,1,5,16,18,0,1
1067.716,17,16,5,1,5,16,18,0,1
1068.722,17,16,5,1,5,16,18,0,1
1069.72,17,16,5,1,5,16,18,0,1
1070.709,17,16,5,1,5,16,18,0,1
1071.711,17,16,5,1,5,16,18,0,1
1072.722,17,16,5,1,5,16,18,0,1
1073.713,17,16,5,1,5,16,18,0,1
1074.706,17,16,6,1,5,16,18,0,1
1075.712,17,16,6,1,5,16,18,0,1
1076.712,17,16,6,1,5,16,18,0,1
1077.715,17,16,6,1,5,16,18,0,1
1078.718,17,16,6,1,5,16,18,0,1
1079.725,17,16,6,1,5,16,18,0,1
1080.713,17,16,6,1,5,16,18,0,1
1081.709,17,16,6,1,5,16,18,0,1
1082.726,17,16,6,1,5,16,18,0,1
1083.716,17,16,6,1,5,16,18,0,1
1084.72,17,16,6,1,5,16,18,0,1
1085.71,17,16,6,1,5,16,18,0,1
1086.725,17,16,6,1,5,16,18,0,1
1087.716,17,16,6,1,5,16,18,0,1
1088.71,17,16,7,1,5,16,18,0,1
1089.704,17,16,7,1,5,16,18,0,1
1090.721,17,16,7,1,5,16,18,0,1
1091.709,17,16,7,1,5,16,18,0,1
1092.706,17,16,7,1,5,16,18,0,1
1093.704,17,16,7,1,5,16,18,0,1
1094.718,17,16,7,1,5,16,18,0,1
1095.703,17,16,7,1,5,15,18,0,1
1096.709,17,16,7,1,5,15,18,0,1
1097.719,17,16,7,1,5,15,18,0,1
1098.705,17,16,7,1,5,15,18,0,1
1099.707,17,16,7,1,5,15,18,0,1
1100.716,17,16,7,1,5,15,18,0,1
1101.722,17,16,7,1,5,15,18,0,1
1102.71,17,16,8,1,5,15,18,0,1
1103.706,17,16,8,1,5,15,18,0,1
1104.715,17,16,8,1,5,15,18,0,1
1105.722,17,16,8,1,5,15,18,0,1
1106.713,17,16,8,1,5,15,18,0,1
1107.711,17,16,8,1,5,15,18,0,1
1108.724,17,16,8,1,5,15,18,0,1
1109.718,17,16,8,1,5,15,18,0,1
1110.718,17,16,8,1,5,15,18,0,1
1111.718,17,16,8,1,5,15,18,0,1
1112.723,17,16,8,1,5,15,18,0,1
1113.723,17,16,8,1,5,15,18,0,1
1114.717,17,16,8,1,5,15,18,0,1
1115.703,17,16,8,1,5,15,18,0,1
1116.724,17,16,8,1,5,15,18,0,1
1117.706,17,16,8,1,5,15,18,0,1
1118.718,17,16,8,1,5,15,18,0,1
1119.717,17,16,8,1,5,15,18,0,1
1120.718,17,16,8,1,5,15,18,0,1
1121.71,17,16,8,1,5,15,18,0,1
1122.704,17,16,8,1,5,15,18,0,1
1123.707,17,16,8,1,5,15,18,0,1
1124.717,17,16,8,1,5,15,18,0,1
1125.726,17,16,8,1,5,15,18,0,1
1126.728,17,16,8,1,5,15,18,0,1
1127.72,17,16,8,1,5,15,18,0,1
1128.724,17,16,8,1,5,15,18,0,1
1129.712,17,16,8,1,5,15,18,0,1
1130.708,17,16,9,1,5,15,18,0,1
1131.713,17,16,9,1,5,15,18,0,1
1132.716,17,16,9,1,5,15,18,0,1
1133.721,17,16,9,1,5,15,18,0,1
1134.709,17,16,9,1,5,15,18,0,1
1135.725,17,16,9,1,5,15,18,0,1
1136.706,17,16,9,1,5,15,18,0,1
1137.725,17,16,9,1,5,15,18,0,1
1138.708,17,16,9,1,5,15,18,0,1
1139.716,17,16,9,1,5,15,18,0,1
1140.721,17,16,9,1,5,15,18,0,1
1141.721,17,16,9,1,5,15,18,0,1
1142.712,17,16,9,1,5,15,18,0,1
1143.702,17,16,9,1,5,15,18,0,1
1144.714,17,16,10,1,5,15,18,0,1
1145.717,17,16,10,1,5,15,18,0,1
1146.709,17,16,10,1,5,15,18,0,1
1147.719,17,16,10,1,5,15,18,0,1
1148.714,17,16,10,1,5,15,18,0,1
1149.723,17,16,10,1,5,15,18,0,1
1150.706,17,16,10,1,5,15,18,0,1
1151.704,17,16,10,1,5,15,18,0,1
1152.709,17,16,10,1,5,15,18,0,1
1153.702,17,16,11,1,5,15,18,0,1
1154.714,17,16,11,1,5,15,18,0,1
1155.71,17,16,11,1,5,15,18,0,1
1156.711,17,16,11,1,5,15,18,0,1
1157.715,17,16,11,1,5,15,18,0,1
1158.703,17,16,11,1,5,15,18,0,1
1159.72,17,16,11,1,5,15,18,0,1
1160.708,17,16,11,1,5,14,18,0,1
1161.721,17,16,11,1,5,14,18,0,1
1162.702,17,16,11,1,5,14,18,0,1
1163.715,17,16,11,1,5,14,18,0,1
1164.706,17,16,11,1,5,14,18,0,1
1165.711,17,16,11,1,5,14,18,0,1
1166.722,17,16,11,1,5,14,18,0,1
1167.702,17,16,11,1,5,14,18,0,1
1168.723,17,16,11,1,5,14,18,0,1
1169.712,17,16,11,1,5,14,18,0,1
1170.717,17,16,12,1,5,14,18,0,1
1171.705,17,16,12,1,5,14,18,0,1
1172.703,17,16,12,1,5,14,18,0,1
1173.707,17,16,12,1,5,14,18,0,1
1174.72,17,16,12,1,5,14,18,0,1
1175.707,17,16,12,1,5,14,18,0,1
1176.716,17,16,12,1,5,14,18,0,1
1177.72,17,16,12,1,5,14,18,0,1
1178.707,17,16,12,1,5,14,18,0,1
1179.719,17,16,12,1,5,14,18,0,1
1180.718,17,16,12,1,5,14,18,0,1
1181.71,17,16,12,1,5,14,18,0,1
1182.722,17,16,12,1,5,14,18,0,1
1183.726,17,16,12,1,5,14,18,0,1
1184.712,17,16,12,1,5,14,18,0,1
1185.708,17,16,12,1,5,14,18,0,1
1186.716,17,16,12,1,5,14,18,0,1
1187.722,17,16,12,1,5,14,18,0,1
1188.703,17,16,12,1,5,14,18,0,1
1189.723,17,16,12,1,5,14,18,0,1
1190.717,17,16,12,1,5,14,18,0,1
1191.712,17,16,12,1,5,14,18,0,1
1192.718,17,16,12,1,5,14,18,0,1
1193.716,17,16,12,1,5,14,18,0,1
1194.713,17,16,12,1,5,14,18,0,1
1195.705,17,16,12,1,5,14,18,0,1
1196.721,17,16,12,1,5,14,18,0,1
1197.726,17,16,13,1,5,14,18,0,1
1198.711,17,16,13,1,5,14,18,0,1
1199.712,17,16,13,1,5,14,18,0,1
1200.71,17,16,13,1,5,14,18,0,1
1201.717,17,16,13,1,5,14,18,0,1
1202.704,17,16,13,1,5,14,18,0,1
1203.705,17,16,13,1,5,14,18,0,1
1204.721,17,16,13,1,5,14,18,0,1
1205.717,17,16,13,1,5,14,18,0,1
1206.719,17,16,13,1,5,14,18,0,1
1207.716,17,16,13,1,5,14,18,0,1
1208.72,17,16,13,1,5,14,18,0,1
1209.721,17,16,13,1,5,14,18,0,1
1210.712,17,16,13,1,5,14,18,0,1
1211.704,17,16,13,1,5,14,18,0,1
1212.708,17,16,13,1,5,14,18,0,1
1213.71,17,16,13,1,5,14,18,0,1
1214.712,17,16,13,1,5,14,18,0,1
1215.722,17,16,13,1,5,14,18,0,1
1216.702,17,16,14,1,5,14,18,0,1
1217.724,17,16,14,1,5,14,18,0,1
1218.723,17,16,14,1,5,14,18,0,1
1219.71,17,16,14,1,5,14,18,0,1
1220.715,17,16,14,1,5,14,18,0,1
1221.708,17,16,14,1,5,14,18,0,1
1222.713,17,16,14,1,5,14,18,0,1
1223.703,17,16,15,1,5,14,18,0,1
1224.71,17,16,15,1,5,14,18,0,1
1225.715,17,16,15,1,5,13,18,0,1
1226.704,17,16,15,1,5,13,18,0,1
1227.709,17,16,15,1,5,13,18,0,1
1228.723,17,16,15,1,5,13,18,0,1
1229.727,17,16,15,1,5,13,18,0,1
1230.708,17,16,15,1,5,13,18,0,1
1231.713,17,16,15,1,5,13,18,0,1
1232.717,17,16,15,1,5,13,18,0,1
1233.708,17,16,15,1,5,13,18,0,1
1234.723,17,16,15,1,5,13,18,0,1
1235.717,17,16,15,1,5,13,18,0,1
1236.706,17,16,15,1,5,13,18,0,1
1237.716,17,16,15,1,5,13,18,0,1
1238.705,17,16,15,1,5,13,18,0,1
1239.71,17,16,15,1,5,13,18,0,1
1240.71,17,16,16,1,5,13,18,0,1
1241.719,17,16,16,1,5,13,18,0,1
1242.706,17,16,16,1,5,13,18,0,1
1243.721,17,16,16,1,5,13,18,0,1
1244.711,17,16,16,1,5,13,18,0,1
1245.724,17,16,16,1,5,13,18,0,1
1246.714,17,16,16,1,5,13,18,0,1
1247.71,17,16,16,1,5,13,18,0,1
1248.703,17,16,16,1,5,13,18,0,1
1249.702,17,16,16,1,5,13,18,0,1
1250.725,17,16,16,1,5,13,18,0,1
1251.729,17,16,16,1,5,13,18,0,1
1252.709,17,16,16,1,5,13,18,0,1
1253.702,17,16,16,1,5,13,18,0,1
1254.714,17,16,16,1,5,13,18,0,1
1255.709,17,16,16,1,5,13,18,0,1
1256.706,17,16,16,1,5,13,18,0,1
1257.709,17,16,16,1,5,13,18,0,1
1258.725,17,16,16,1,5,13,18,0,1
1259.703,17,16,16,1,5,13,18,0,1
1260.711,17,16,16,1,5,13,18,0,1
1261.713,17,16,16,1,5,13,18,0,1
1262.718,17,16,16,1,5,13,18,0,1
1263.711,17,16,16,1,5,13,18,0,1
1264.718,17,16,16,1,5,13,18,0,1
1265.704,17,16,17,1,5,13,18,0,1
1266.718,17,16,17,1,5,13,18,0,1
1267.717,17,16,17,1,5,13,18,0,1
1268.714,17,16,17,1,5,13,18,0,1
1269.719,17,16,17,1,5,13,18,0,1
1270.714,17,16,17,1,5,13,18,0,1
1271.728,17,16,17,1,5,13,18,0,1
1272.727,17,16,17,1,5,13,18,0,1
1273.717,17,16,17,1,5,13,18,0,1
1274.708,17,16,17,1,5,13,18,0,1
1275.71,17,16,17,1,5,13,18,0,1
1276.724,17,16,17,1,5,13,18,0,1
1277.703,17,16,17,1,5,13,18,0,1
1278.711,17,16,17,1,5,13,18,0,1
1279.705,17,16,17,1,5,13,18,0,1
1280.718,17,16,17,1,5,13,18,0,1
1281.713,17,16,17,1,5,13,18,0,1
1282.709,17,16,17,1,5,13,18,0,1
1283.72,17,16,17,1,5,13,18,0,1
1284.722,17,16,17,1,5,13,18,0,1
1285.708,17,16,17,1,5,13,18,0,1
1286.711,17,16,17,1,5,13,18,0,1
1287.715,17,16,17,1,5,13,18,0,1
1288.71,17,16,18,1,5,13,18,0,1
1289.712,17,16,18,1,5,13,18,0,1
1290.721,17,16,18,1,5,13,18,0,1
1291.706,17,16,18,1,5,13,18,0,1
1292.722,17,16,18,1,5,13,18,0,1
1293.722,17,16,19,1,5,12,18,0,1
1294.715,17,16,19,1,5,12,18,0,1
1295.722,17,16,19,1,5,12,18,0,1
1296.722,17,16,19,1,5,12,18,0,1
1297.716,17,16,19,1,5,12,18,0,1
1298.708,17,16,19,1,5,12,18,0,1
1299.711,17,16,19,1,5,12,18,0,1
1300.713,17,16,19,1,5,12,18,0,1
1301.704,17,16,19,1,5,12,18,0,1
1302.712,17,16,19,1,5,12,18,0,1
1303.704,17,16,19,1,5,12,18,0,1
1304.724,17,16,19,1,5,12,18,0,1
1305.711,17,16,19,1,5,12,18,0,1
1306.706,17,16,19,1,5,12,18,0,1
1307.712,17,16,19,1,5,12,18,0,1
1308.715,17,16,19,1,5,12,18,0,1
1309.724,17,16,19,1,5,12,18,0,1
1310.719,17,16,20,1,5,12,18,0,1
1311.721,17,16,20,1,5,12,18,0,1
1312.715,17,16,20,1,5,12,18,0,1
1313.702,17,16,20,1,5,12,18,0,1
1314.704,17,16,20,1,5,12,18,0,1
1315.712,17,16,20,1,5,12,18,0,1
1316.703,17,16,20,1,5,12,18,0,1
1317.714,17,16,20,1,5,12,18,0,1
1318.711,17,16,20,1,5,12,18,0,1
1319.718,17,16,20,1,5,12,18,0,1
1320.715,17,16,20,1,5,12,18,0,1
1321.72,17,16,20,1,5,12,18,0,1
1322.704,17,16,20,1,5,12,18,0,1
1323.724,17,16,20,1,5,12,18,0,1
1324.71,17,16,20,1,5,12,18,0,1
1325.703,17,16,20,1,5,12,18,0,1
1326.706,17,16,20,1,5,12,18,0,1
1327.708,17,16,20,1,5,12,18,0,1
1328.725,17,16,21,1,5,12,18,0,1
1329.713,17,16,21,1,5,12,18,0,1
1330.717,17,16,21,1,5,12,18,0,1
1331.704,17,16,21,1,5,12,18,0,1
1332.713,17,16,21,1,5,12,18,0,1
1333.72,17,16,21,1,5,12,18,0,1
1334.724,17,16,21,1,5,12,18,0,1
1335.709,17,16,21,1,5,12,18,0,1
1336.721,17,16,21,1,5,12,18,0,1
1337.705,17,16,21,1,5,12,18,0,1
1338.71,17,16,21,1,5,12,18,0,1
1339.711,17,16,21,1,5,12,18,0,1
1340.707,17,16,21,1,5,12,18,0,1
1341.72,17,16,21,1,5,12,18,0,1
1342.712,17,16,21,1,5,12,18,0,1
1343.704,17,16,21,1,5,12,18,0,1
1344.724,17,16,21,1,5,12,18,0,1
1345.724,17,16,21,1,5,12,18,0,1
1346.718,17,16,21,1,5,12,18,0,1
1347.706,17,16,21,1,5,12,18,0,1
1348.706,17,16,21,1,5,12,18,0,1
1349.708,17,16,21,1,5,12,18,0,1
1350.704,17,16,21,1,5,12,18,0,1
1351.712,17,16,22,1,5,12,18,0,1
1352.726,17,16,22,1,5,12,18,0,1
1353.719,17,16,22,1,5,12,18,0,1
1354.705,17,16,22,1,5,12,18,0,1
1355.726,17,16,22,1,5,12,18,0,1
1356.725,17,16,22,1,5,12,18,0,1
1357.706,17,16,22,1,5,12,18,0,1
1358.707,17,16,22,1,5,12,18,0,1
1359.713,17,16,22,1,5,12,18,0,1
1360.723,17,16,22,1,5,12,18,0,1
1361.709,17,16,22,1,5,12,18,0,1
1362.72,17,16,22,1,5,12,18,0,1
1363.721,17,16,23,1,5,11,18,0,1
1364.724,17,16,23,1,5,11,18,0,1
1365.723,17,16,23,1,5,11,18,0,1
1366.709,17,16,23,1,5,11,18,0,1
1367.716,17,16,23,1,5,11,18,0,1
1368.723,17,16,23,1,5,11,18,0,1
1369.715,17,16,23,1,5,11,18,0,1
1370.724,17,16,23,1,5,11,18,0,1
1371.718,17,16,23,1,5,11,18,0,1
1372.721,17,16,23,1,5,11,18,0,1
1373.723,17,16,23,1,5,11,18,0,1
1374.723,17,16,23,1,5,11,18,0,1
1375.709,17,16,23,1,5,11,18,0,1
1376.72,17,16,23,1,5,11,18,0,1
1377.71,17,16,23,1,5,11,18,0,1
1378.71,17,16,23,1,5,11,18,0,1
1379.705,17,16,23,1,5,11,18,0,1
1380.703,17,16,24,1,5,11,18,0,1
1381.706,17,16,24,1,5,11,18,0,1
1382.705,17,16,24,1,5,11,18,0,1
1383.722,17,16,24,1,5,11,18,0,1
1384.702,17,16,24,1,5,11,18,0,1
1385.703,17,16,24,1,5,11,18,0,1
1386.708,17,16,24,1,5,11,18,0,1
1387.72,17,16,24,1,5,11,18,0,1
1388.722,17,16,24,1,5,11,18,0,1
1389.714,17,16,24,1,5,11,18,0,1
1390.711,17,16,24,1,5,11,18,0,1
1391.711,17,16,24,1,5,11,18,0,1
1392.716,17,16,24,1,5,11,18,0,1
1393.702,17,16,24,1,5,11,18,0,1
1394.709,17,16,24,1,5,11,18,0,1
1395.717,17,16,24,1,5,11,18,0,1
1396.712,17,16,24,1,5,11,18,0,1
1397.733,17,16,24,1,5,11,18,0,1
1398.718,17,16,25,1,5,11,18,0,1
1399.727,17,16,25,1,5,11,18,0,1
1400.726,17,16,25,1,5,11,18,0,1
1401.722,17,16,25,1,5,11,18,0,1
1402.721,17,16,25,1,5,11,18,0,1
1403.706,17,16,25,1,5,11,18,0,1
1404.705,17,16,25,1,5,11,18,0,1
1405.717,17,16,25,1,5,11,18,0,1
1406.717,17,16,25,1,5,11,18,0,1
1407.724,17,16,25,1,5,11,18,0,1
1408.705,17,16,25,1,5,11,18,0,1
1409.72,17,16,25,1,5,11,18,0,1
1410.703,17,16,25,1,5,11,18,0,1
1411.716,17,16,25,1,5,11,18,0,1
1412.721,17,16,25,1,5,11,18,0,1
1413.704,17,16,25,1,5,11,18,0,1
1414.706,17,16,25,1,5,11,18,0,1
1415.704,17,16,25,1,5,11,18,0,1
1416.705,17,16,25,1,5,11,18,0,1
1417.711,17,16,25,1,5,11,18,0,1
1418.718,17,16,25,1,5,11,18,0,1
1419.708,17,16,25,1,5,11,18,0,1
1420.713,17,16,25,1,5,11,18,0,1
1421.703,17,16,25,1,5,11,18,0,1
1422.704,17,16,25,1,5,11,18,0,1
1423.722,17,16,25,1,5,11,18,0,1
1424.725,17,16,25,1,5,11,18,0,1
1425.71,17,16,25,1,5,11,18,0,1
1426.704,17,16,26,1,5,11,18,0,1
1427.707,17,16,26,1,5,11,18,0,1
1428.726,17,16,26,1,5,11,18,0,1
1429.722,17,16,26,1,5,11,18,0,1
1430.703,17,16,26,1,5,11,18,0,1
1431.71,17,16,26,1,5,11,18,0,1
1432.717,17,16,26,1,5,11,18,0,1
1433.705,17,16,26,1,5,11,18,0,1
1434.705,17,16,26,1,5,11,18,0,1
1435.708,17,16,26,1,5,11,18,0,1
1436.724,17,16,26,1,5,10,18,0,1
1437.712,17,16,26,1,5,10,18,0,1
1438.722,17,16,27,1,5,10,18,0,1
1439.715,17,16,27,1,5,10,18,0,1
1440.716,17,16,27,1,5,10,18,0,1
1441.708,17,16,27,1,5,10,18,0,1
1442.707,17,16,27,1,5,10,18,0,1
1443.716,17,16,27,1,5,10,18,0,1
1444.72,17,16,27,1,5,10,18,0,1
1445.711,17,16,27,1,5,10,18,0,1
1446.714,17,16,27,1,5,10,18,0,1
1447.705,17,16,27,1,5,10,18,0,1
1448.709,17,16,27,1,5,10,18,0,1
1449.704,17,16,27,1,5,10,18,0,1
1450.716,17,16,27,1,5,10,18,0,1
1451.721,17,16,27,1,5,10,18,0,1
1452.723,17,16,28,1,5,10,18,0,1
1453.713,17,16,28,1,5,10,18,0,1
1454.722,17,16,28,1,5,10,18,0,1
1455.722,17,16,28,1,5,10,18,0,1
1456.716,17,16,28,1,5,10,18,0,1
1457.716,17,16,28,1,5,10,18,0,1
1458.702,17,16,28,1,5,10,18,0,1
1459.71,17,16,28,1,5,10,18,0,1
1460.702,17,16,28,1,5,10,18,0,1
1461.717,17,16,28,1,5,10,18,0,1
1462.704,17,16,28,1,5,10,18,0,1
1463.704,17,16,28,1,5,10,18,0,1
1464.716,17,16,28,1,5,10,18,0,1
1465.702,17,16,28,1,5,10,18,0,1
1466.724,17,16,28,1,5,10,18,0,1
1467.706,17,16,28,1,5,10,18,0,1
1468.72,17,16,28,1,5,10,18,0,1
1469.721,17,16,28,1,5,10,18,0,1
1470.71,17,16,28,1,5,10,18,0,1
1471.706,17,16,29,1,5,10,18,0,1
1472.718,17,16,29,1,5,10,18,0,1
1473.711,17,16,29,1,5,10,18,0,1
1474.724,17,16,29,1,5,10,18,0,1
1475.718,17,16,29,1,5,10,18,0,1
1476.722,17,16,29,1,5,10,18,0,1
1477.71,17,16,29,1,5,10,18,0,1
1478.715,17,16,29,1,5,10,18,0,1
1479.718,17,16,29,1,5,10,18,0,1
1480.706,17,16,29,1,5,10,18,0,1
1481.707,17,16,29,1,5,10,18,0,1
1482.725,17,16,29,1,5,10,18,0,1
1483.718,17,16,29,1,5,10,18,0,1
1484.716,17,16,29,1,5,10,18,0,1
1485.719,17,16,29,1,5,10,18,0,1
1486.724,17,16,29,1,5,10,18,0,1
1487.722,17,16,29,1,5,10,18,0,1
1488.724,17,16,29,1,5,10,18,0,1
1489.726,17,16,29,1,5,10,18,0,1
1490.702,17,16,29,1,5,10,18,0,1
1491.704,17,16,29,1,5,10,18,0,1
1492.707,17,16,29,1,5,10,18,0,1
1493.718,17,16,29,1,5,10,18,0,1
1494.712,17,16,29,1,5,10,18,0,1
1495.719,17,16,29,1,5,10,18,0,1
1496.722,17,16,29,1,5,10,18,0,1
1497.705,17,16,29,1,5,10,18,0,1
1498.727,17,16,29,1,5,10,18,0,1
1499.714,17,16,30,1,5,10,18,0,1
1500.711,17,16,30,1,5,10,18,0,1
1501.72,17,16,30,1,5,10,18,0,1
1502.716,17,16,30,1,5,10,18,0,1
1503.711,17,16,30,1,5,10,18,0,1
1504.714,17,16,30,1,5,10,18,0,1
1505.705,17,16,30,1,5,10,18,0,1
1506.702,17,16,30,1,5,10,18,0,1
1507.712,17,16,30,1,5,10,18,0,1
1508.704,17,16,30,1,5,10,18,0,1
1509.721,17,16,30,1,5,10,18,0,1
1510.723,17,16,31,1,5,9,18,0,1
1511.702,17,16,31,1,5,9,18,0,1
1512.721,17,16,31,1,5,9,18,0,1
1513.713,17,16,31,1,5,9,18,0,1
1514.721,17,16,31,1,5,9,18,0,1
1515.724,17,16,31,1,5,9,18,0,1
1516.718,17,16,31,1,5,9,18,0,1
1517.703,17,16,31,1,5,9,18,0,1
1518.717,17,16,31,1,5,9,18,0,1
1519.713,17,16,31,1,5,9,18,0,1
1520.713,17,16,31,1,5,9,18,0,1
1521.718,17,16,31,1,5,9,18,0,1
1522.711,17,16,32,1,5,9,18,0,1
1523.703,17,16,32,1,5,9,18,0,1
1524.724,17,16,32,1,5,9,18,0,1
1525.723,17,16,32,1,5,9,18,0,1
1526.715,17,16,32,1,5,9,18,0,1
1527.706,17,16,32,1,5,9,18,0,1
1528.703,17,16,32,1,5,9,18,0,1
1529.706,17,16,32,1,5,9,18,0,1
1530.706,17,16,32,1,5,9,18,0,1
1531.713,17,16,32,1,5,9,18,0,1
1532.715,17,16,32,1,5,9,18,0,1
1533.72,17,16,32,1,5,9,18,0,1
1534.704,17,16,32,1,5,9,18,0,1
1535.714,17,16,32,1,5,9,18,0,1
1536.707,17,16,33,1,5,9,18,0,1
1537.706,17,16,33,1,5,9,18,0,1
1538.703,17,16,33,1,5,9,18,0,1
1539.709,17,16,33,1,5,9,18,0,1
1540.713,17,16,33,1,5,9,18,0,1
1541.706,17,16,33,1,5,9,18,0,1
1542.705,17,16,33,1,5,9,18,0,1
1543.718,17,16,33,1,5,9,18,0,1
1544.717,17,16,33,1,5,9,18,0,1
1545.708,17,16,33,1,5,9,18,0,1
1546.724,17,16,33,1,5,9,18,0,1
1547.73,17,16,33,1,5,9,18,0,1
1548.705,17,16,33,1,5,9,18,0,1
1549.712,17,16,33,1,5,9,18,0,1
1550.706,17,16,33,1,5,9,18,0,1
